,high,avg,low,high.1,avg.1,low.1,high.2,avg.2,low.2,high.3,avg.3,low.3,high.4,avg.4,low.4,high.5,avg.5,high.6,sum,Unnamed: 20
0,71,58,44,50,44,34,93,61,29,30.13,30.09,30.04,6,3,1,5,0,8,0,
1,81,67,52,46,34,25,77,45,13,30.09,30.03,29.98,10,10,9,6,1,8,0,
2,72,60,48,52,46,38,89,60,31,30.03,29.97,29.91,10,6,2,6,0,12,0,
3,69,60,50,52,48,37,100,66,32,30.03,29.97,29.93,6,3,0,6,0,-,0,Fog
4,77,61,45,48,33,15,93,54,15,30.15,30.09,30.02,10,8,2,6,0,9,0,
5,78,64,49,33,19,13,37,23,8,30.21,30.14,30.09,10,10,10,7,1,12,0,
6,69,59,48,47,30,15,66,43,19,30.14,30.08,30.04,10,10,9,6,0,8,0,
7,68,58,47,54,47,35,86,64,42,30.12,30.07,30.01,10,6,2,8,1,10,0,
8,63,57,51,52,50,48,93,80,67,30.11,30.05,29.98,10,4,2,9,0,13,0,
9,70,59,47,51,47,44,93,68,42,30.13,30.07,30.03,10,4,2,5,0,8,0,
10,73,61,48,54,49,42,93,65,37,30.17,30.09,30.05,10,6,2,8,1,12,0,
11,71,61,50,54,49,38,100,66,31,30.16,30.08,30.04,9,3,0,7,1,9,0,Fog
12,80,63,46,39,28,14,76,42,8,30.31,30.24,30.17,10,10,8,5,0,7,0,
13,82,65,48,33,26,18,46,28,9,30.3,30.24,30.18,10,10,10,0,0,-,0,
14,85,67,48,36,29,18,56,33,10,30.22,30.16,30.1,10,10,9,0,0,-,0,
15,85,67,49,34,27,17,46,27,8,30.14,30.08,30.02,10,10,8,0,0,-,0,
16,85,69,52,35,22,10,38,22,6,30.12,30.06,30.01,10,10,7,8,1,14,0,
17,84,68,52,41,26,12,59,33,7,30.09,30.03,29.97,10,10,7,7,1,10,0,
18,80,64,48,41,32,17,59,35,10,30.11,30.07,30.04,10,9,7,5,0,8,0,
19,81,64,47,47,38,24,72,45,17,30.17,30.11,30.05,10,9,6,6,0,8,0,
20,78,66,54,50,32,19,77,45,13,30.15,30.09,30.04,10,10,10,5,0,-,0,
21,77,66,54,54,46,23,93,57,20,30.04,29.95,29.88,10,7,2,7,1,10,0,
22,72,62,51,52,48,37,96,64,31,30.1,29.95,29.89,9,4,2,6,0,8,0,
23,73,64,55,52,41,23,86,52,17,30.21,30.16,30.09,10,9,5,6,0,9,0,
24,77,67,56,53,45,32,86,54,21,30.2,30.15,30.1,10,9,7,8,1,13,0,
25,69,61,52,53,48,39,89,66,43,30.14,30.08,30.02,10,8,6,8,1,12,0,
26,69,61,52,53,50,48,89,71,52,30.09,30.05,30.01,10,8,5,8,1,13,T,
27,70,60,49,54,50,45,93,70,47,30.13,30.07,30.03,9,6,4,6,1,10,0,
28,70,61,52,55,53,50,100,77,53,30.09,30.02,29.94,5,2,0,6,0,9,0,Fog
29,63,60,57,54,51,48,86,76,65,29.97,29.92,29.88,10,6,2,6,2,9,T,Rain
30,65,59,53,52,40,22,86,55,23,29.97,29.92,29.88,10,10,10,12,3,26,0,
31,66,58,50,29,22,8,41,27,12,30.06,30.01,29.95,10,10,10,8,1,15,0,
32,63,55,47,46,35,16,80,52,24,30.1,30.03,29.96,10,9,2,10,2,-,0.14,Rain
33,63,55,46,44,41,34,82,64,46,29.99,29.93,29.89,10,10,10,12,1,20,0,
34,63,56,48,45,41,35,77,63,49,30.08,30.03,29.98,10,10,10,7,0,10,0,
35,64,56,48,46,43,34,86,59,31,30.13,30.06,30.01,10,10,8,9,2,16,0,
36,60,56,52,52,48,44,89,76,62,30.08,30.02,29.99,10,6,2,8,2,12,0.09,Rain
37,63,57,50,50,49,46,93,77,60,30.22,30.13,30.04,10,7,2,7,1,13,0,
38,66,59,52,54,50,46,93,73,52,30.27,30.22,30.19,10,10,7,9,1,15,0,
39,67,61,54,52,51,48,93,75,56,30.23,30.17,30.09,10,8,4,9,1,15,0,
40,73,63,53,54,51,41,89,62,34,30.15,30.09,29.98,10,8,5,9,2,15,0,
41,75,65,54,54,52,46,100,71,41,30.09,30.06,30.01,10,5,0,8,0,11,0,Fog
42,80,66,51,50,42,35,89,55,20,30.13,30.08,30.02,10,10,7,9,1,14,0,
43,80,66,52,50,46,37,83,55,26,30.06,30.02,29.97,10,9,5,8,1,12,0,
44,79,65,50,52,47,41,83,56,29,30.05,30,29.95,10,9,6,6,0,10,0,
45,78,65,51,53,48,42,86,58,29,30.03,29.98,29.94,10,8,5,8,1,12,0,
46,75,65,54,55,53,51,93,70,46,30.07,30.01,29.97,10,8,5,6,1,10,0,
47,71,61,50,54,51,47,93,70,47,30.06,30.04,29.99,10,9,6,8,1,13,0,
48,68,62,56,52,50,48,86,70,53,30.07,30.02,29.96,10,6,4,9,1,15,0,
49,66,60,54,52,51,50,93,78,63,30.01,29.96,29.89,10,7,3,12,2,19,0,
50,82,67,51,52,45,31,89,53,16,30.02,29.97,29.94,10,8,3,8,1,10,0,
51,79,67,55,54,39,28,72,44,16,29.98,29.93,29.86,10,10,6,8,1,11,0,
52,76,64,51,54,47,35,89,56,23,29.93,29.9,29.86,10,7,2,7,0,12,0,
53,73,61,49,54,50,40,93,62,31,30,29.95,29.89,10,3,0,7,1,10,0,Fog
54,73,63,52,53,51,45,89,64,38,30.04,29.98,29.92,10,5,2,8,1,13,0,
55,71,64,56,53,50,47,80,62,44,30.05,30.01,29.96,10,8,4,10,2,16,0,
56,67,62,57,53,50,47,80,66,52,30.08,30.04,30,10,10,5,8,2,13,0.06,Rain
57,71,64,56,56,54,45,93,67,40,30.02,29.97,29.86,10,6,2,10,3,16,1.05,Rain
58,62,59,56,60,55,51,93,84,75,29.82,29.71,29.63,10,6,0,13,5,22,2.24,"Fog , Rain"
59,61,58,54,54,51,48,93,85,77,29.97,29.83,29.76,10,6,1,12,5,17,1,Rain
60,62,58,54,54,51,49,89,77,65,30.15,30.1,30,10,9,1,7,2,12,0.17,Rain
61,68,60,51,53,51,49,96,74,52,30.14,30.09,30.02,10,9,4,9,2,18,0,
62,69,62,54,55,53,51,93,76,58,30.05,30.02,29.96,10,7,2,8,2,14,0,
63,72,63,54,56,54,51,93,73,53,30.08,30.04,30.01,10,7,3,9,1,13,0,
64,72,65,57,57,55,53,93,75,57,30.08,30.02,29.95,10,8,3,8,3,13,0,
65,71,64,56,56,53,43,93,65,37,30.01,29.96,29.9,10,9,6,10,2,14,0,
66,81,66,51,49,41,29,83,50,16,30.11,30.05,29.96,10,10,7,9,1,15,0,
67,84,71,58,44,28,16,56,32,8,30.15,30.09,30.04,10,10,10,13,3,19,0,
68,80,68,56,51,38,30,72,46,19,30.06,30.02,29.98,10,9,2,12,1,16,0,
69,78,66,54,56,46,35,84,53,22,30,29.96,29.9,10,10,2,7,1,11,0,
70,80,67,54,55,48,20,86,48,10,30.01,29.96,29.89,10,9,4,10,2,16,0,
71,71,64,57,53,51,48,84,69,46,30.02,29.95,29.91,10,10,10,7,1,-,0,
72,71,62,52,55,52,48,89,71,53,30.11,30.06,30.01,10,8,4,8,1,12,0,
73,81,68,54,54,50,44,93,62,30,30.19,30.15,30.11,10,9,6,9,1,14,0,
74,90,73,56,51,41,28,72,42,11,30.22,30.15,30.07,10,10,10,9,2,15,0,
75,74,65,56,56,51,44,80,61,41,30.06,29.9,29.78,10,10,7,12,3,20,0,
76,75,67,58,55,52,48,84,63,41,29.94,29.84,29.81,10,10,8,10,3,16,0,
77,79,68,56,55,52,37,86,55,23,30.05,30,29.94,10,9,6,8,1,14,0,
78,73,64,55,55,53,51,93,71,49,30.06,30,29.94,10,8,5,10,1,16,0,
79,67,61,55,52,50,47,86,69,52,30.01,29.98,29.94,10,9,7,8,1,14,0,
80,68,62,56,51,49,46,77,67,56,30.1,30.04,29.99,10,10,10,9,2,16,0,
81,69,61,53,53,51,48,83,71,58,30.14,30.08,30.02,10,9,7,10,2,16,0,
82,66,62,58,53,53,52,86,75,63,30.12,30.06,29.99,10,7,4,8,2,14,0,
83,65,61,57,53,52,50,80,72,63,30.03,29.96,29.91,10,9,6,8,1,14,0,
84,66,61,55,54,51,46,86,69,52,29.98,29.92,29.89,10,9,4,15,5,27,0.01,Rain
85,69,60,51,50,47,41,89,66,43,30.09,30.02,29.97,10,10,10,12,2,18,0,
86,71,64,56,53,49,46,80,62,44,30.16,30.12,30.08,10,10,10,12,3,18,0,
87,76,65,53,53,50,48,83,61,38,30.14,30.05,29.97,10,10,7,10,2,16,0,
88,72,64,56,53,47,34,86,56,26,30.04,30,29.96,10,10,10,13,3,24,0,
89,68,61,54,50,48,45,83,66,48,30.04,30.01,29.98,10,10,10,13,3,20,T,
90,63,57,50,52,46,39,89,66,43,30.02,29.97,29.95,10,10,4,14,4,23,0.25,Rain
91,62,56,49,48,44,39,93,70,46,30.07,29.99,29.94,10,9,2,15,2,25,0.04,Rain
92,68,59,49,49,44,40,80,59,37,30.14,30.09,30.05,10,10,10,10,3,16,0,
93,65,59,53,49,46,40,77,60,43,30.04,29.99,29.95,10,10,9,12,2,15,0,
94,67,61,54,49,45,34,77,53,29,30.05,29.97,29.94,10,10,10,12,4,18,0,
95,78,65,52,47,43,39,77,53,29,30.09,30.04,29.99,10,10,10,12,1,16,0,
96,85,70,55,47,42,35,72,45,17,30.09,30.06,30.03,10,10,10,9,2,14,0,
97,88,73,58,51,42,34,65,41,16,30.09,30.04,29.98,10,10,6,9,2,13,0,
98,89,73,57,51,46,33,80,48,15,30.03,29.99,29.94,10,8,2,9,1,16,0,
99,81,66,50,52,49,41,96,63,30,29.98,29.95,29.91,10,6,0,7,1,10,0,Fog
100,79,67,55,54,51,40,86,56,25,29.94,29.9,29.85,10,9,6,9,2,14,0,
101,67,62,57,51,49,48,80,68,56,29.97,29.92,29.88,10,10,7,9,2,16,0,
102,67,62,56,50,49,46,83,66,48,30.04,29.98,29.95,10,10,10,8,2,13,0,
103,77,65,53,53,48,36,89,56,22,30.05,30.02,29.96,10,10,7,8,2,13,0,
104,72,64,55,55,53,50,93,71,49,30,29.93,29.83,10,6,1,9,2,12,0,
105,73,65,57,53,52,50,86,70,53,29.88,29.84,29.79,10,8,5,9,3,18,0,
106,71,65,59,53,53,52,80,67,53,29.91,29.87,29.84,10,9,7,9,2,13,0,
107,73,67,61,53,52,50,72,61,49,29.94,29.89,29.86,10,10,10,10,3,16,0,
108,72,65,57,54,53,52,80,67,53,30.04,29.98,29.93,10,9,7,10,2,17,0,
109,75,67,59,57,55,54,87,70,53,30.06,30.03,30,10,8,5,9,1,14,0,
110,76,67,57,57,55,53,87,67,46,30.06,30.01,29.94,10,7,2,9,2,13,0,
111,69,64,58,53,51,47,80,65,49,29.98,29.94,29.89,10,9,6,13,3,17,0,
112,71,64,56,51,47,36,77,53,28,29.96,29.94,29.9,10,10,10,10,3,16,0,
113,79,67,55,53,48,42,78,55,31,29.98,29.94,29.9,10,10,10,9,2,15,0,
114,71,63,54,55,53,50,84,69,53,29.93,29.87,29.8,10,10,4,10,4,20,0.06,Rain
115,68,59,50,50,43,38,83,60,37,29.96,29.87,29.77,10,10,10,12,3,19,0,
116,71,63,55,51,47,40,75,56,37,30.01,29.98,29.96,10,10,10,9,4,17,0,
117,77,67,57,53,49,40,80,55,29,30.02,29.96,29.88,10,10,8,9,2,15,0,
118,92,76,59,53,38,24,78,44,9,30.03,29.99,29.94,10,10,8,10,1,15,0,
119,91,77,62,41,28,19,43,26,8,30.01,29.97,29.92,10,10,10,10,1,17,0,
120,92,78,63,47,30,16,44,26,7,30.03,29.98,29.93,10,10,10,13,1,18,0,
121,96,79,62,48,38,26,56,33,9,29.97,29.93,29.88,10,10,10,10,1,15,0,
122,89,76,63,54,47,36,67,43,18,29.91,29.89,29.86,10,10,10,9,1,14,0,
123,81,70,59,55,51,45,75,52,28,29.99,29.93,29.9,10,10,10,8,2,12,0,
124,72,65,57,54,52,48,78,65,51,30.01,29.96,29.91,10,10,6,13,4,17,0,
125,68,62,56,49,45,39,77,57,37,29.91,29.84,29.78,10,10,10,13,4,23,0,
126,68,63,57,51,47,43,72,58,44,30,29.94,29.85,10,10,9,12,4,18,0,
127,71,64,57,51,48,46,75,60,45,30.06,30.02,29.99,10,10,10,12,2,17,0,
128,72,64,56,54,51,49,83,66,49,30.06,30.02,29.96,10,10,8,9,1,15,0,
129,72,65,58,54,51,46,75,60,44,29.96,29.9,29.81,10,10,10,12,2,20,0,
130,86,72,58,51,34,8,72,39,6,29.96,29.88,29.83,10,10,9,17,4,27,0,
131,90,75,59,46,30,19,52,30,8,30.01,29.96,29.92,10,10,10,14,2,22,0,
132,94,80,65,41,29,22,34,21,8,30.07,30.02,29.98,10,10,10,10,2,18,0,
133,99,81,63,43,29,20,35,21,6,30.04,29.98,29.92,10,10,8,9,2,16,0,
134,102,87,71,43,30,18,31,18,5,29.99,29.96,29.91,10,10,9,12,2,18,0,
135,95,82,68,55,44,28,61,36,11,29.95,29.91,29.86,10,9,4,9,2,14,0,
136,85,74,63,60,56,51,73,55,37,29.9,29.86,29.82,10,9,4,7,1,-,0,
137,75,69,63,58,56,52,78,66,53,29.88,29.86,29.83,10,9,8,9,2,13,0,
138,74,68,61,57,53,46,78,64,49,29.94,29.91,29.87,10,10,10,10,2,19,0,
139,70,64,57,53,50,42,80,61,42,29.99,29.96,29.94,10,10,10,13,3,24,0,
140,71,65,59,54,51,48,78,63,47,29.99,29.96,29.93,10,10,10,8,3,14,0,
141,71,64,57,55,53,51,86,70,53,30.01,29.97,29.93,10,10,8,7,2,13,0,
142,70,66,61,55,54,53,78,68,57,30.02,30,29.97,10,10,10,10,2,17,0,
143,69,65,61,56,55,54,78,70,61,30.02,29.98,29.93,10,10,8,7,1,11,0,
144,75,69,62,58,57,56,84,69,54,29.98,29.93,29.88,10,10,10,9,1,15,0,
145,79,70,61,60,59,57,90,71,52,29.97,29.94,29.89,10,8,5,9,2,13,0,
146,80,71,62,61,60,59,90,72,54,29.97,29.94,29.89,10,7,4,10,2,17,0,
147,79,72,65,60,59,59,87,70,52,29.92,29.88,29.82,10,7,5,8,2,12,0,
148,78,71,63,59,57,55,78,66,54,29.91,29.88,29.86,10,10,7,9,2,16,0,
149,78,69,60,59,56,52,90,68,46,29.88,29.86,29.82,10,9,5,10,1,16,0,
150,80,71,61,59,55,49,78,61,44,29.9,29.87,29.85,10,9,6,6,2,-,0,
151,80,71,61,58,56,53,84,64,43,29.88,29.85,29.81,10,10,7,9,1,14,0,
152,75,68,60,57,55,50,90,72,53,29.88,29.86,29.82,10,8,4,9,2,15,0,
153,79,69,58,56,53,46,84,60,36,29.91,29.86,29.81,10,10,8,6,1,-,0,
154,78,69,59,56,54,48,87,63,38,29.87,29.83,29.78,10,9,5,10,2,16,0,
155,78,69,59,58,56,55,84,69,53,29.86,29.82,29.78,10,8,5,10,2,15,0,
156,75,68,60,57,56,54,90,72,53,29.86,29.82,29.8,10,8,5,9,2,16,0,
157,74,68,61,57,56,54,84,71,57,29.85,29.81,29.76,10,9,6,9,1,14,0,
158,77,69,60,58,57,56,84,69,54,29.83,29.8,29.75,10,7,4,9,2,14,0,
159,76,68,59,60,58,58,90,75,60,29.83,29.79,29.75,10,6,2,10,2,14,0,
160,74,69,63,59,58,57,84,73,61,29.89,29.81,29.77,10,9,6,8,1,15,0,
161,76,69,62,58,57,53,84,65,46,29.93,29.89,29.86,10,10,10,12,2,16,0,
162,74,68,61,57,56,56,84,71,57,29.95,29.93,29.91,10,9,7,9,3,15,0,
163,73,67,60,57,56,54,90,72,53,29.95,29.91,29.87,10,9,5,10,2,15,0,
164,75,67,59,58,56,54,90,72,53,29.89,29.86,29.81,10,9,7,12,2,16,0,
165,74,68,61,57,56,55,84,71,57,29.89,29.85,29.83,10,9,7,9,3,15,0,
166,73,67,61,56,54,51,78,68,57,29.91,29.89,29.86,10,10,8,5,2,-,0,
167,78,69,59,57,54,52,84,64,43,29.93,29.9,29.89,10,10,10,9,2,16,0,
168,77,68,59,58,54,49,87,63,38,29.94,29.91,29.88,10,10,10,8,2,14,0,
169,76,68,59,58,56,50,90,66,41,29.95,29.93,29.89,10,9,7,9,2,15,0,
170,80,70,60,60,58,56,90,68,45,29.91,29.89,29.86,10,9,7,10,1,16,0,
171,81,72,62,61,60,58,90,70,49,29.9,29.86,29.84,10,9,7,9,2,14,0,
172,77,70,63,60,58,57,87,71,54,29.91,29.89,29.85,10,9,7,9,2,14,0,
173,77,70,63,59,58,57,84,69,54,29.94,29.91,29.86,10,9,7,10,3,16,0,
174,79,71,63,61,59,58,87,71,54,29.95,29.92,29.88,10,8,6,8,2,15,0,
175,76,70,63,62,60,60,93,77,60,29.92,29.88,29.83,10,7,4,8,3,17,0,
176,76,70,64,62,60,56,87,76,64,29.91,29.88,29.83,10,9,7,10,2,15,0,
177,78,71,64,62,60,58,87,72,56,29.87,29.84,29.81,10,10,10,10,2,18,0,
178,80,72,64,63,62,60,87,71,54,29.87,29.83,29.8,10,10,9,9,2,15,0,
179,79,72,64,63,62,60,87,73,58,29.89,29.86,29.82,10,10,7,9,2,15,0,
180,77,71,64,63,61,60,87,76,64,29.91,29.87,29.82,10,9,7,6,2,-,0,
181,77,70,63,64,62,60,93,81,68,29.9,29.85,29.81,10,8,3,10,3,16,0,
182,77,70,62,63,61,60,100,80,60,29.91,29.86,29.82,10,8,4,9,2,15,0,
183,81,72,63,64,62,61,100,79,58,29.93,29.89,29.82,10,6,3,12,2,15,0,
184,82,72,62,65,63,61,100,77,54,30.01,29.96,29.9,10,7,2,9,2,13,0,
185,86,75,64,64,60,50,93,65,37,30.03,30,29.96,10,6,2,10,2,17,0,
186,81,73,64,65,61,53,100,70,39,30.01,29.96,29.89,10,10,7,9,2,14,0,
187,89,77,64,64,62,56,100,66,32,29.92,29.88,29.83,10,10,9,8,2,14,0,
188,86,77,68,64,63,62,81,63,45,29.96,29.91,29.86,10,10,8,8,2,13,0,
189,82,75,67,64,62,61,81,66,51,29.97,29.93,29.87,10,9,6,9,3,15,0,
190,85,76,66,63,61,60,81,66,51,29.97,29.93,29.88,10,10,6,10,2,16,0,
191,80,73,65,61,60,58,87,68,48,29.99,29.96,29.94,10,10,9,13,3,18,0,
192,82,74,65,62,61,58,87,68,48,29.99,29.96,29.91,10,10,10,9,2,14,0,
193,82,75,67,63,61,56,87,66,45,29.93,29.89,29.84,10,10,10,8,2,14,0,
194,80,74,68,65,63,62,81,72,62,30,29.96,29.9,10,8,1,8,2,14,0,
195,82,76,69,65,63,61,78,68,58,30.04,30,29.97,10,7,1,12,3,16,0,
196,81,74,66,62,61,59,81,68,54,30.04,30,29.95,10,10,7,12,3,17,0,
197,80,73,65,61,58,55,81,63,45,30.04,30,29.96,10,10,10,10,3,17,0,
198,79,72,64,60,59,57,84,67,50,30.02,29.98,29.94,10,10,10,9,3,17,0,
199,75,71,66,61,60,60,81,73,64,29.98,29.95,29.91,10,10,10,8,2,12,T,
200,80,73,66,61,60,59,81,68,54,30,29.97,29.93,10,10,10,10,2,16,0,
201,81,74,66,62,61,60,81,68,54,30.05,30.01,29.97,10,10,10,10,3,17,0,
202,85,75,65,63,60,55,87,64,40,30.04,30.01,29.97,10,10,10,10,2,16,0,
203,88,77,65,61,59,54,81,58,34,29.99,29.93,29.86,10,10,10,12,2,16,0,
204,92,79,65,63,60,57,87,62,36,29.88,29.81,29.73,10,10,7,10,2,16,0,
205,88,79,69,65,64,59,84,65,46,29.91,29.87,29.83,10,10,7,9,2,14,0,
206,86,77,68,65,64,63,84,68,51,29.97,29.93,29.89,10,9,6,10,2,14,0,
207,84,76,67,64,62,54,87,65,42,30.02,29.96,29.91,10,10,9,9,3,14,T,
208,88,78,68,64,59,43,84,54,24,30.06,30.01,29.96,10,10,8,10,3,15,T,
209,88,78,68,63,61,54,76,54,31,30.03,29.98,29.92,10,10,10,8,2,17,0,
210,90,79,68,63,62,58,81,61,40,29.96,29.92,29.88,10,10,9,9,2,14,0,
211,87,77,67,65,62,60,87,67,46,29.92,29.89,29.83,10,10,6,9,2,13,0,
212,85,76,66,65,63,61,87,69,51,29.92,29.89,29.85,10,8,6,7,2,14,0,
213,90,78,65,67,64,60,93,66,38,29.94,29.9,29.87,10,7,3,9,2,16,0.02,Rain
214,85,79,72,69,66,63,87,71,55,29.94,29.89,29.86,10,9,7,8,2,14,0.02,Rain
215,87,76,65,67,63,55,87,66,45,29.99,29.95,29.92,10,10,8,9,2,14,0,
216,82,73,63,60,58,55,90,65,39,30.02,30,29.97,10,10,9,10,2,14,0,
217,77,70,63,59,58,56,84,69,54,30.06,30.01,29.94,10,10,8,10,2,16,0,
218,81,73,64,61,59,57,84,65,45,29.99,29.95,29.88,10,9,3,12,2,17,0,
219,82,74,65,62,61,60,87,67,47,29.94,29.92,29.87,10,8,5,10,2,15,0,
220,82,75,67,64,62,61,81,66,51,29.97,29.94,29.91,10,8,5,9,2,15,0,
221,85,76,66,63,62,58,87,65,43,29.98,29.94,29.89,10,7,4,8,2,13,0,
222,85,75,65,64,62,60,93,72,51,29.96,29.93,29.89,10,9,6,12,3,14,0,
223,84,75,66,63,62,60,87,69,51,29.97,29.93,29.88,10,10,10,12,3,18,0,
224,81,73,65,62,61,60,87,71,54,29.98,29.95,29.91,10,10,8,10,3,17,0,
225,83,74,65,63,62,60,87,69,51,29.96,29.94,29.89,10,8,5,8,2,12,0,
226,89,76,63,62,59,48,93,60,26,29.98,29.95,29.91,10,9,4,8,2,14,0,
227,90,78,66,62,58,51,87,60,32,30,29.95,29.91,10,10,10,10,2,15,0,
228,89,78,66,63,59,54,81,59,36,29.96,29.9,29.84,10,10,10,9,2,14,0,
229,86,76,65,64,61,59,87,68,48,29.88,29.83,29.78,10,10,8,9,2,14,0,
230,82,76,69,63,61,59,78,64,49,29.9,29.86,29.83,10,10,10,9,3,14,0,
231,84,76,67,61,59,57,76,58,40,29.94,29.9,29.86,10,10,10,9,3,16,0,
232,80,73,65,62,61,60,81,70,58,29.95,29.92,29.88,10,10,10,9,2,14,0,
233,81,74,66,64,63,60,87,73,58,29.97,29.94,29.9,10,10,7,9,3,13,0,
234,85,76,66,62,61,57,81,62,43,29.97,29.92,29.86,10,10,7,10,3,16,0,
235,83,75,67,61,59,56,81,62,42,29.91,29.87,29.81,10,10,8,10,2,16,0,
236,80,72,64,62,60,58,87,71,54,29.93,29.89,29.85,10,10,10,8,2,14,0,
237,84,75,65,62,60,58,78,62,45,29.97,29.94,29.91,10,10,8,9,2,14,0,
238,91,79,66,62,56,46,87,55,23,30.02,29.99,29.96,10,10,8,10,2,17,0,
239,91,80,68,58,53,39,61,42,23,29.99,29.93,29.85,10,10,10,9,2,14,0,
240,90,78,65,63,61,56,87,61,34,29.88,29.84,29.78,10,10,8,9,2,14,0,
241,89,77,65,65,63,61,87,65,43,29.83,29.78,29.73,10,9,6,9,2,13,0,
242,87,78,69,67,65,63,84,66,48,29.83,29.79,29.75,10,9,6,9,2,16,0,
243,85,78,70,65,64,61,79,64,48,29.82,29.8,29.75,10,10,7,7,2,11,0,
244,84,76,68,64,63,61,84,66,47,29.86,29.81,29.76,10,10,7,9,2,16,0,
245,83,75,67,63,62,61,81,68,54,29.82,29.76,29.7,10,9,8,10,2,16,0,
246,80,73,66,62,61,61,87,71,54,29.79,29.75,29.72,10,9,6,9,2,15,0,
247,83,75,66,63,62,61,87,71,54,29.9,29.84,29.8,10,10,8,8,2,14,0,
248,86,76,65,65,62,56,87,64,40,29.91,29.85,29.78,10,9,6,9,2,15,0,
249,92,80,68,63,60,55,78,56,34,29.81,29.78,29.73,10,10,8,8,2,13,0,
250,88,80,71,66,61,53,79,55,31,29.88,29.83,29.79,10,10,5,7,1,10,0.01,Rain
251,91,80,68,63,59,49,78,52,26,29.91,29.87,29.84,10,10,9,12,2,20,0,
252,87,76,64,63,58,48,87,61,34,29.9,29.86,29.79,10,10,10,9,2,14,0,
253,89,78,67,63,59,53,81,56,31,29.86,29.82,29.78,10,10,9,9,2,17,0,
254,91,80,68,65,62,58,87,63,38,29.83,29.79,29.74,10,10,8,10,2,16,0,
255,94,82,69,64,62,58,78,54,30,29.77,29.73,29.67,10,10,8,12,1,17,0,
256,98,85,71,65,62,55,79,53,27,29.74,29.71,29.67,10,10,9,9,1,14,0,
257,94,84,73,68,62,56,79,54,28,29.8,29.75,29.69,10,10,9,9,1,15,0,
258,103,90,76,65,60,55,62,44,25,29.76,29.72,29.67,10,10,10,9,2,14,0,
259,96,84,72,64,60,51,61,45,29,29.76,29.71,29.68,10,10,10,9,2,16,0,
260,81,74,67,64,61,58,78,66,54,29.87,29.82,29.78,10,10,10,10,2,17,0,
261,82,75,67,62,61,60,87,69,51,29.91,29.86,29.82,10,10,10,9,2,15,0,
262,78,72,66,62,61,58,87,72,56,29.95,29.9,29.87,10,10,10,8,2,13,0,
263,79,72,65,62,61,59,93,73,52,29.99,29.94,29.91,10,10,10,9,1,14,0,
264,80,72,63,63,62,60,93,75,56,29.98,29.94,29.89,10,9,6,9,2,14,0,
265,84,74,63,64,61,57,90,68,45,29.97,29.92,29.87,10,10,6,8,1,12,0,
266,88,75,62,61,57,50,93,61,28,29.92,29.88,29.83,10,10,8,10,2,16,0,
267,85,76,67,63,59,46,78,53,27,29.91,29.87,29.84,10,10,10,10,1,15,0,
268,83,74,65,63,60,55,87,69,50,29.88,29.85,29.81,10,10,10,10,2,17,0,
269,77,70,63,59,57,53,78,64,49,29.9,29.85,29.78,10,10,10,10,2,18,0,
270,79,72,64,60,57,54,78,61,43,29.93,29.89,29.83,10,10,9,9,3,16,0,
271,78,70,61,61,57,55,84,66,48,29.93,29.89,29.84,10,10,9,10,2,17,0,
272,85,75,64,61,57,54,84,61,37,29.86,29.82,29.75,10,10,10,9,2,14,0,
273,82,73,64,62,61,54,87,67,47,29.87,29.8,29.75,10,9,5,9,3,13,0,
274,98,81,64,61,45,30,87,49,10,29.96,29.91,29.87,10,10,10,10,1,16,0,
275,98,83,67,53,35,23,53,31,8,30.01,29.96,29.92,10,10,10,9,2,14,0,
276,97,81,65,61,41,28,64,37,9,29.94,29.89,29.83,10,10,8,9,1,15,0,
277,95,80,65,66,52,35,84,49,14,29.91,29.87,29.82,10,10,7,7,1,11,0,
278,92,78,64,65,55,35,87,51,14,29.91,29.86,29.81,10,9,6,8,0,11,0,
279,93,79,64,64,55,36,93,54,14,29.9,29.85,29.8,10,9,5,8,1,11,0,
280,87,75,63,63,59,47,87,57,27,29.87,29.83,29.79,10,9,5,9,1,13,0,
281,80,74,67,64,60,57,87,69,50,29.95,29.91,29.88,10,9,5,8,2,12,0,
282,79,72,64,62,61,60,87,71,54,29.99,29.95,29.91,10,8,5,8,2,13,0,
283,81,73,64,64,62,60,87,71,54,29.99,29.93,29.88,10,6,3,8,1,13,0,
284,81,74,67,63,62,61,87,71,54,29.94,29.89,29.84,10,6,2,8,1,14,0,
285,82,74,65,63,62,61,87,69,51,30,29.96,29.93,10,6,3,9,1,14,0,
286,76,71,66,62,60,57,87,72,57,29.99,29.95,29.91,10,8,3,8,1,12,0,
287,78,71,63,59,56,51,84,62,40,29.99,29.96,29.93,10,10,10,12,1,18,0,
288,77,69,61,60,57,55,84,67,50,30.01,29.96,29.91,10,10,10,10,2,16,0,
289,76,69,62,59,57,54,84,67,50,29.98,29.94,29.91,10,10,7,10,1,16,0,
290,78,70,61,59,56,54,84,66,47,29.94,29.88,29.83,10,10,8,9,1,15,0,
291,77,70,62,62,59,56,84,69,54,29.91,29.87,29.83,10,10,10,9,1,13,0,
292,79,71,63,61,60,59,90,72,54,29.94,29.89,29.86,10,9,6,8,1,16,0,
293,78,71,64,62,60,56,87,67,47,29.92,29.87,29.82,10,8,3,9,2,15,0,
294,84,72,60,63,58,50,90,62,33,29.95,29.9,29.86,10,10,8,8,1,11,0,
295,85,73,60,60,56,52,90,62,34,29.99,29.94,29.9,10,9,5,7,1,10,0,
296,88,74,59,60,52,41,84,52,20,30,29.95,29.91,10,10,7,7,1,11,0,
297,80,71,61,60,56,49,90,64,38,30.04,30,29.97,10,10,4,9,1,13,0,
298,78,70,61,60,57,53,84,67,50,30,29.95,29.88,10,10,9,9,2,14,0,
299,77,70,62,59,56,54,84,65,46,29.94,29.9,29.87,10,10,10,8,2,11,0,
300,78,69,59,58,55,52,80,62,43,30.02,29.98,29.95,10,10,9,8,1,12,0,
301,85,72,59,58,54,48,84,58,31,30.03,29.99,29.94,10,10,9,8,1,14,0,
302,81,71,60,61,57,48,87,61,35,29.99,29.96,29.92,10,10,9,12,1,16,0,
303,71,66,60,60,57,54,90,74,57,29.97,29.91,29.83,10,9,4,7,1,10,0.25,Rain
304,67,61,55,58,53,46,93,71,48,29.98,29.9,29.83,10,8,2,10,2,19,0.18,Rain
305,70,61,51,48,45,39,83,61,39,30.06,30.02,29.98,10,10,10,8,1,13,0,
306,77,65,52,48,40,22,59,36,12,30.15,30.1,30.06,10,10,10,9,1,15,0,
307,77,64,51,39,34,27,59,38,16,30.19,30.12,30.07,10,10,10,7,0,10,0,
308,85,69,53,42,33,23,66,39,11,30.1,30.05,30.01,10,10,10,8,1,12,0,
309,90,76,61,50,37,29,53,33,12,30.15,30.09,30.05,10,10,9,7,2,11,0,
310,89,75,60,50,38,25,56,33,10,30.1,30.03,29.97,10,10,10,8,2,12,0,
311,89,74,59,59,44,28,84,48,12,30.04,29.99,29.94,10,10,10,7,1,9,0,
312,77,68,58,59,57,55,97,76,54,29.98,29.91,29.81,10,5,0,8,1,13,0,Fog
313,70,66,62,56,54,53,78,68,57,29.89,29.86,29.83,10,9,5,7,2,12,0,
314,69,66,62,54,53,50,72,64,55,29.95,29.92,29.89,10,10,8,7,3,12,0,
315,70,64,58,55,53,50,84,69,53,30.02,29.97,29.93,10,10,10,8,1,14,0,
316,70,63,55,58,54,50,84,71,57,30.07,30.03,30,10,10,8,9,1,13,T,Rain
317,73,67,60,58,57,54,90,72,53,30.03,29.99,29.96,10,9,5,8,1,13,0,
318,72,65,58,57,55,46,93,75,56,30.08,30.03,29.99,10,8,4,9,2,15,0,
319,74,65,55,55,42,28,86,54,22,30.17,30.11,30.02,10,9,4,7,1,12,0,
320,76,65,53,33,23,8,43,26,9,30.16,30.11,30.06,10,10,10,8,1,13,0,
321,77,65,52,49,28,14,67,38,9,30.16,30.11,30.07,10,10,9,8,1,13,0,
322,74,64,53,55,44,31,80,54,27,30.14,30.1,30.06,10,10,9,9,1,14,0,
323,70,62,53,56,51,44,78,63,47,30.11,30.04,29.96,10,10,9,10,1,14,T,
324,73,64,55,54,49,41,86,63,40,30.06,29.96,29.92,10,10,10,7,2,11,0,
325,73,63,52,55,48,42,84,63,41,30.11,30.05,30,10,10,10,8,1,13,0,
326,80,69,57,55,37,9,86,47,8,30.15,30.08,30.03,10,10,10,8,1,13,0,
327,80,67,53,38,23,11,39,23,7,30.31,30.2,30.14,10,10,10,7,1,11,0,
328,80,66,52,46,26,11,62,35,8,30.39,30.31,30.25,10,10,10,8,1,15,0,
329,85,69,53,47,29,22,60,36,11,30.24,30.17,30.11,10,10,10,7,1,9,0,
330,89,74,58,47,30,19,56,32,8,30.1,30.04,29.98,10,10,10,7,2,10,0,
331,81,67,53,50,39,27,77,48,18,29.99,29.93,29.87,10,10,8,7,0,11,0,
332,74,63,51,57,50,39,93,62,31,29.93,29.89,29.83,10,7,2,8,2,14,0,
333,66,63,60,59,55,49,90,75,60,30.1,29.99,29.89,10,9,2,12,5,16,0.3,Rain
334,69,63,57,57,55,53,93,76,59,30.17,30.08,30,10,10,9,7,1,10,0,
335,66,62,58,56,54,45,93,69,45,30,29.94,29.88,10,5,1,14,5,20,1.21,Rain
336,67,63,59,63,61,57,93,87,81,30,29.94,29.9,10,5,1,8,3,13,0.31,Rain
337,71,64,57,62,58,54,100,79,57,30.07,29.98,29.92,10,7,0,9,1,14,0,Fog
338,69,63,57,58,55,51,93,74,55,30.14,30.09,30.04,10,9,8,7,0,11,0,
339,71,63,55,58,55,52,93,75,57,30.2,30.16,30.13,10,9,7,7,1,11,0,
340,76,65,54,55,50,45,86,60,33,30.19,30.13,30.08,10,10,10,7,1,10,0,
341,78,67,55,57,49,45,84,58,32,30.1,30.06,30.01,10,10,10,9,1,13,0,
342,76,65,54,55,49,43,84,60,36,30.1,30.03,29.99,10,10,10,8,1,13,0,
343,73,63,53,58,53,47,90,67,44,30.03,29.97,29.94,10,6,2,6,1,9,0,
344,67,64,60,57,54,51,90,74,58,29.99,29.94,29.88,10,7,3,12,5,19,0.01,Rain
345,65,59,52,56,53,49,93,77,60,30.07,29.92,29.82,10,6,0,16,3,27,1.6,"Fog , Rain"
346,66,57,48,49,43,37,93,67,40,30.13,30.1,30.07,10,10,8,9,1,14,0,
347,66,57,47,47,44,40,83,64,44,30.15,30.09,30.05,10,10,10,7,1,10,0,
348,65,56,47,49,44,38,86,64,42,30.09,30.02,29.96,10,10,10,9,1,13,T,
349,60,57,54,52,51,47,93,80,67,30.04,30,29.96,10,7,2,8,2,10,0.41,Rain
350,65,58,51,53,48,43,89,71,52,30.11,30.02,29.94,10,9,2,8,1,14,0.15,Rain
351,62,55,48,49,46,42,89,71,52,30.22,30.16,30.1,10,10,10,7,1,11,0,
352,66,58,49,52,47,43,83,64,45,30.24,30.19,30.14,10,10,10,7,1,12,0,
353,64,57,50,53,48,46,86,71,56,30.19,30.15,30.11,10,10,8,5,1,8,0,
354,68,59,50,54,50,46,86,70,53,30.15,30.09,30.03,8,6,3,4,0,-,0,
355,75,63,50,55,51,47,89,65,41,30.05,30,29.93,10,6,4,6,0,9,0,
356,83,67,51,51,47,40,93,58,23,30.08,30.03,29.99,10,8,4,4,0,-,0,
357,75,64,53,55,44,33,84,53,21,30.08,29.96,29.81,10,10,8,7,1,11,0,
358,65,58,50,53,28,17,80,48,16,29.93,29.84,29.78,10,10,8,15,6,24,0,
359,63,53,42,27,22,15,53,35,16,30.21,30.07,29.94,10,10,10,6,1,9,0,
360,63,51,39,35,27,15,61,39,17,30.34,30.29,30.21,10,10,10,7,1,11,0,
361,63,53,43,41,29,19,76,48,20,30.29,30.22,30.16,10,10,10,7,1,10,0,
362,63,52,41,45,39,31,80,62,44,30.16,30.1,30.04,10,10,10,8,1,10,0,
363,56,52,47,45,40,25,86,66,46,30.04,29.96,29.89,10,8,2,14,4,22,0.19,Rain
364,57,49,41,32,16,7,58,36,13,30.06,30,29.93,10,10,10,12,2,19,0,
